{"cameraMode":{"drawMode":0,"name":"Shaded","section":"Shading Mode"},"sceneLighting":true,"audioPlay":false,"sceneViewState":{"m_AlwaysRefresh":false,"showFog":true,"showSkybox":true,"showFlares":true,"showImageEffects":true,"showParticleSystems":true,"showVisualEffectGraphs":true,"m_FxEnabled":true},"in2DMode":false,"pivot":{"x":-0.8411836624145508,"y":-10.32902717590332,"z":1.6853381395339966},"rotation":{"x":0.1682191640138626,"y":-0.04493369162082672,"z":0.007676221895962954,"w":0.9846970438957214},"size":30.56807518005371,"orthographic":true}